{
  "ACTAAP_2007_7_3": 0.08333333333333337,
  "ACTAAP_2010_7_12": 0.36111111111111116,
  "ACTAAP_2014_7_5": 0.05555555555555558,
  "AIMS_2009_8_14": 0.7777777777777778,
  "AKDE&ED_2008_4_35": 0.5555555555555556,
  "AKDE&ED_2008_8_1": 0.5277777777777778,
  "AKDE&ED_2008_8_47": 0.11111111111111116,
  "AKDE&ED_2008_8_48": 0.13888888888888884,
  "AKDE&ED_2012_8_6": 0.6388888888888888,
  "CSZ20754": 0.8611111111111112,
  "CSZ30169": 0.3055555555555556,
  "CSZ_2005_5_CSZ10021": 0.02777777777777779,
  "LEAP_2000_8_4": 0.19444444444444442,
  "LEAP_2001_8_10379": 0.0,
  "LEAP_2002_4_10247": 0.0,
  "LEAP_2007_4_10280": 0.4444444444444444,
  "LEAP_2007_8_10417": 0.19444444444444442,
  "LEAP_2009_8_10430": 0.25,
  "LEAP__4_10225": 0.0,
  "LEAP__7_10339": 0.0,
  "LEAP__7_10351": 0.4444444444444444,
  "MCAS_1999_4_26": 0.0,
  "MCAS_2000_4_36": 0.25,
  "MCAS_2000_8_22": 0.02777777777777779,
  "MCAS_2002_8_11": 0.02777777777777779,
  "MCAS_2003_5_33": 0.2222222222222222,
  "MCAS_2003_8_29": 0.2777777777777778,
  "MCAS_2004_9_10-v1": 0.4722222222222222,
  "MCAS_2004_9_15-v1": 0.02777777777777779,
  "MCAS_2004_9_2": 0.25,
  "MCAS_2004_9_5": 0.02777777777777779,
  "MCAS_2005_5_34": 0.0,
  "MCAS_2005_8_12": 0.19444444444444442,
  "MCAS_2005_8_6": 0.05555555555555558,
  "MCAS_2005_8_7": 0.05555555555555558,
  "MCAS_2005_9_17": 0.0,
  "MCAS_2005_9_21": 0.6111111111111112,
  "MCAS_2006_8_24": 0.13888888888888884,
  "MCAS_2006_9_43": 0.6666666666666667,
  "MCAS_2006_9_44": 0.7323943661971831,
  "MCAS_2009_8_12": 0.8333333333333334,
  "MCAS_2012_5_23614": 0.25,
  "MCAS_2014_5_15": 0.0,
  "MCAS_2014_5_7": 0.13888888888888884,
  "MCAS_2014_8_20": 0.11111111111111116,
  "MDSA_2007_8_24": 0.02777777777777779,
  "MDSA_2007_8_30": 0.11111111111111116,
  "MDSA_2007_8_42": 0.02777777777777779,
  "MDSA_2008_8_3": 0.05555555555555558,
  "MDSA_2009_4_34": 0.02777777777777779,
  "MDSA_2011_5_3": 0.0,
  "MDSA_2013_8_32": 0.0,
  "MEAP_2005_5_15": 0.41666666666666663,
  "MEAP_2005_8_13": 0.0,
  "MEAP_2005_8_39": 0.0,
  "MEA_2010_8_15": 0.08333333333333337,
  "MEA_2016_8_15": 0.5555555555555556,
  "MSA_2012_5_2": 0.9444444444444444,
  "Mercury_175053": 0.9166666666666666,
  "Mercury_177748": 0.02777777777777779,
  "Mercury_180005": 0.2222222222222222,
  "Mercury_180828": 0.0,
  "Mercury_183033": 0.5277777777777778,
  "Mercury_184730": 0.8888888888888888,
  "Mercury_187198": 0.08333333333333337,
  "Mercury_188335": 0.25,
  "Mercury_188528": 0.0,
  "Mercury_191625": 0.6666666666666667,
  "Mercury_400084": 0.8055555555555556,
  "Mercury_400500": 0.08333333333333337,
  "Mercury_401195": 0.0,
  "Mercury_401428": 0.6388888888888888,
  "Mercury_401433": 0.0,
  "Mercury_401684": 0.11111111111111116,
  "Mercury_401699": 0.38888888888888884,
  "Mercury_401763": 0.0,
  "Mercury_401912": 0.9722222222222222,
  "Mercury_402132": 0.4722222222222222,
  "Mercury_402341": 0.13888888888888884,
  "Mercury_402364": 0.6944444444444444,
  "Mercury_402501": 0.02777777777777779,
  "Mercury_402502": 0.02777777777777779,
  "Mercury_402539": 0.02777777777777779,
  "Mercury_403907": 0.0,
  "Mercury_404638": 0.05555555555555558,
  "Mercury_404820": 0.8055555555555556,
  "Mercury_405136": 0.11111111111111116,
  "Mercury_405143": 0.5555555555555556,
  "Mercury_405161": 0.0,
  "Mercury_405464": 0.02777777777777779,
  "Mercury_405685": 0.36111111111111116,
  "Mercury_405804": 0.0,
  "Mercury_405947": 0.0,
  "Mercury_406639": 0.0,
  "Mercury_406777": 0.02777777777777779,
  "Mercury_407125": 0.41666666666666663,
  "Mercury_407517": 0.0,
  "Mercury_408922": 0.3055555555555556,
  "Mercury_409085": 0.25,
  "Mercury_409647": 0.08333333333333337,
  "Mercury_411224": 0.0,
  "Mercury_412463": 0.5833333333333333,
  "Mercury_412673": 0.16666666666666663,
  "Mercury_415082": 0.0,
  "Mercury_415086": 0.6111111111111112,
  "Mercury_416376": 0.5277777777777778,
  "Mercury_416404": 0.25,
  "Mercury_416645": 0.6111111111111112,
  "Mercury_416646": 0.6111111111111112,
  "Mercury_416671": 0.0,
  "Mercury_417117": 0.0,
  "Mercury_417118": 0.02777777777777779,
  "Mercury_417137": 0.75,
  "Mercury_417150": 0.0,
  "Mercury_417465": 0.02777777777777779,
  "Mercury_7005005": 0.13888888888888884,
  "Mercury_7012880": 0.02777777777777779,
  "Mercury_7013965": 0.02777777777777779,
  "Mercury_7015208": 0.0,
  "Mercury_7015995": 0.4444444444444444,
  "Mercury_7016538": 0.02777777777777779,
  "Mercury_7016800": 0.6666666666666667,
  "Mercury_7017710": 0.19444444444444442,
  "Mercury_7017938": 0.02777777777777779,
  "Mercury_7024273": 0.5277777777777778,
  "Mercury_7024290": 0.05555555555555558,
  "Mercury_7027160": 0.05555555555555558,
  "Mercury_7027248": 0.11111111111111116,
  "Mercury_7029803": 0.0,
  "Mercury_7033845": 0.0,
  "Mercury_7034808": 0.41666666666666663,
  "Mercury_7034843": 0.75,
  "Mercury_7038028": 0.05555555555555558,
  "Mercury_7041423": 0.25,
  "Mercury_7043068": 0.08333333333333337,
  "Mercury_7043820": 0.11111111111111116,
  "Mercury_7056823": 0.11111111111111116,
  "Mercury_7057103": 0.08333333333333337,
  "Mercury_7058135": 0.13888888888888884,
  "Mercury_7064575": 0.02777777777777779,
  "Mercury_7068583": 0.0,
  "Mercury_7068635": 0.5,
  "Mercury_7069020": 0.0,
  "Mercury_7071523": 0.02777777777777779,
  "Mercury_7075040": 0.0,
  "Mercury_7081305": 0.08333333333333337,
  "Mercury_7082443": 0.3055555555555556,
  "Mercury_7082758": 0.0,
  "Mercury_7084665": 0.13888888888888884,
  "Mercury_7086660": 0.13888888888888884,
  "Mercury_7090790": 0.11111111111111116,
  "Mercury_7094290": 0.7222222222222222,
  "Mercury_7095060": 0.08333333333333337,
  "Mercury_7098473": 0.6388888888888888,
  "Mercury_7099190": 0.11111111111111116,
  "Mercury_7099330": 0.5833333333333333,
  "Mercury_7102323": 0.0,
  "Mercury_7107328": 0.0,
  "Mercury_7111178": 0.11111111111111116,
  "Mercury_7126263": 0.05555555555555558,
  "Mercury_7129640": 0.5,
  "Mercury_7130655": 0.0,
  "Mercury_7132405": 0.0,
  "Mercury_7133613": 0.2222222222222222,
  "Mercury_7133945": 0.05555555555555558,
  "Mercury_7136063": 0.05555555555555558,
  "Mercury_7138460": 0.0,
  "Mercury_7139650": 0.02777777777777779,
  "Mercury_7142520": 0.02777777777777779,
  "Mercury_7143308": 0.13888888888888884,
  "Mercury_7154315": 0.4722222222222222,
  "Mercury_7158935": 0.25,
  "Mercury_7159023": 0.02777777777777779,
  "Mercury_7159285": 0.05555555555555558,
  "Mercury_7159303": 0.02777777777777779,
  "Mercury_7164623": 0.0,
  "Mercury_7171605": 0.0,
  "Mercury_7172270": 0.02777777777777779,
  "Mercury_7172708": 0.5555555555555556,
  "Mercury_7174213": 0.02777777777777779,
  "Mercury_7186358": 0.02777777777777779,
  "Mercury_7187373": 0.0,
  "Mercury_7198468": 0.9166666666666666,
  "Mercury_7201740": 0.16666666666666663,
  "Mercury_7206378": 0.11111111111111116,
  "Mercury_7210210": 0.4444444444444444,
  "Mercury_7210455": 0.05555555555555558,
  "Mercury_7210473": 0.0,
  "Mercury_7210508": 0.11111111111111116,
  "Mercury_7211680": 0.08333333333333337,
  "Mercury_7212818": 0.36111111111111116,
  "Mercury_7212888": 0.9166666666666666,
  "Mercury_7212905": 0.05555555555555558,
  "Mercury_7212993": 0.05555555555555558,
  "Mercury_7213413": 0.02777777777777779,
  "Mercury_7214498": 0.7222222222222222,
  "Mercury_7218015": 0.0,
  "Mercury_7219678": 0.6388888888888888,
  "Mercury_7221620": 0.9166666666666666,
  "Mercury_7221988": 0.02777777777777779,
  "Mercury_7222460": 0.02777777777777779,
  "Mercury_7223370": 0.0,
  "Mercury_7223493": 0.5833333333333333,
  "Mercury_7228725": 0.08333333333333337,
  "Mercury_7234378": 0.13888888888888884,
  "Mercury_7235638": 0.2222222222222222,
  "Mercury_7236740": 0.6944444444444444,
  "Mercury_7247065": 0.8888888888888888,
  "Mercury_7249708": 0.16666666666666663,
  "Mercury_7263183": 0.02777777777777779,
  "Mercury_7263638": 0.7777777777777778,
  "Mercury_7267523": 0.13888888888888884,
  "Mercury_7268118": 0.5833333333333333,
  "Mercury_7270358": 0.0,
  "Mercury_7271758": 0.13888888888888884,
  "Mercury_7283430": 0.13888888888888884,
  "Mercury_LBS10302": 0.0,